id;param_name;param_data_type;param_value;param_expression;action_script_id
1;high-level Small Plastic Chair;DATE;intuitive;Security Vatu Metrics;1
2;auxiliary ADP Global;DATE;Qatari Rial Triple-buffered Loaf;transmitting;2
3;Directives holistic;BOOLEAN;protocol;integrate payment Pass;3
4;program Handmade Granite Table withdrawal;DATE;parse;Fall;4
5;Puerto Rico infrastructures;BOOLEAN;copying toolset;Division;5
6;New Hampshire transmitting Bond Markets Units European Composite Unit (EURCO);STRING;circuit;Greens navigating Berkshire;6
7;Wallis and Futuna;NUMBER;global;Israel;7
8;Forward Plastic Factors;STRING;Cross-group Avon;Managed SQL Maryland;8
9;deposit Mouse;DATE;open-source mission-critical transmitter;panel South Carolina;9
10;Borders Specialist Fantastic;DATE;payment Corners utilisation;Dynamic encompassing;10
