id;source_index;txt_1;txt_2;txt_3;txt_4;txt_5;txt_6;txt_7;txt_8;txt_9;txt_10;txt_11;txt_12;txt_13;txt_14;txt_15;txt_16;txt_17;txt_18;txt_19;txt_20;num_1;num_2;num_3;num_4;num_5;num_6;num_7;num_8;num_9;num_10;num_11;num_12;num_13;num_14;num_15;num_16;num_17;num_18;num_19;num_20;date_1;date_2;date_3;date_4;date_5;date_6;date_7;date_8;date_9;date_10;bool_1;bool_2;bool_3;bool_4;bool_5;check_script_id;flow_id;task_id;task_execution_id;flow_execution_id
1;93576;neural Colorado Libyan Arab Jamahiriya;Games Guinea systems;Borders online Auto Loan Account;Functionality e-commerce programming;Metal;Fundamental Computers implementation;Reverse-engineered;revolutionary;Cotton copy;Handmade Plastic Pizza mint green;Dynamic Rustic Frozen Sausages overriding;sexy interactive system-worthy;National card;Handcrafted Metal Chicken;backing up;Quality copying;Legacy Corporate;Christmas Island bypassing;Rand Loti system Rustic Cotton Bacon;website;42023;98696;14806;12190;46586;64689;89026;46517;78961;10685;66080;48938;26082;81019;14869;4521;63177;46659;93889;64093;2019-10-30T13:12:54;2019-10-30T13:54:01;2019-10-30T13:07:44;2019-10-31T10:21:15;2019-10-31T09:09:36;2019-10-30T16:35:02;2019-10-31T00:06:25;2019-10-30T18:19:13;2019-10-31T05:24:29;2019-10-30T23:11:59;2019-10-30T12:31:29;2019-10-31T11:55:59;2019-10-31T03:43:18;2019-10-31T04:05:26;2019-10-31T07:29:53;1;1;1;1;1
2;31898;array multi-byte USB;Cambridgeshire Palladium;communities;Music Dong;Licensed Multi-layered Ergonomic;withdrawal;Gorgeous HTTP;Nebraska Kentucky collaborative;Strategist grey;leading-edge invoice;Botswana Bedfordshire Corporate;Representative;synthesizing Home Loan Account;bandwidth;back up Small Rubber Chicken;Keyboard;Group deposit;Keyboard Adaptive;payment;COM;22469;52814;17732;88485;44777;81945;19703;61352;27975;48276;57390;91196;53611;93356;86492;20372;68349;7917;84566;10601;2019-10-31T02:04:18;2019-10-30T23:27:58;2019-10-30T13:24:00;2019-10-30T17:53:13;2019-10-30T14:08:17;2019-10-31T05:27:29;2019-10-30T16:56:59;2019-10-30T15:39:25;2019-10-30T17:32:22;2019-10-30T17:56:00;2019-10-30T17:00:18;2019-10-31T08:52:43;2019-10-30T14:28:07;2019-10-30T13:49:42;2019-10-30T19:28:45;2;2;2;2;2
3;91908;Fresh Unbranded Concrete Shirt platforms;channels front-end;Wooden France;Nebraska Principal;Synchronised;Principal Direct value-added;interactive;Facilitator;markets redundant Dynamic;ADP;models Borders;leading-edge;Zambian Kwacha Dominican Peso;compelling Intelligent incremental;purple;Washington;AI Credit Card Account Tasty;Soft Electronics;payment middleware;payment;72531;10807;7960;55373;66118;55713;93955;51535;95295;49426;72621;69728;40742;32749;52032;48616;94083;67838;45109;51584;2019-10-31T05:14:20;2019-10-31T07:55:07;2019-10-31T02:51:44;2019-10-30T13:31:32;2019-10-30T15:47:02;2019-10-31T04:20:46;2019-10-30T19:30:38;2019-10-30T18:48:10;2019-10-30T19:54:18;2019-10-31T09:18:32;2019-10-30T22:40:32;2019-10-31T03:30:42;2019-10-31T05:07:28;2019-10-30T16:33:15;2019-10-30T17:23:16;3;3;3;3;3
4;93944;Associate;Corporate;Right-sized;bypass payment synthesize;silver Practical;Analyst grey;Brand productize;Checking Account;Refined Producer Re-engineered;Squares;Antigua and Barbuda transmitting;Moldovan Leu deposit calculating;Awesome Concrete Shirt;Rustic Granite Soap Small Rubber Bacon;exploit syndicate;purple RSS Soft;6th generation;Mobility Ohio incentivize;Romania Shirt;Roads override Cheese;51517;76141;60132;64268;51721;61251;78698;56168;61449;37603;95676;54535;3612;93482;79188;84906;49606;93309;89385;23827;2019-10-30T21:37:47;2019-10-30T15:21:44;2019-10-30T16:39:50;2019-10-31T01:17:30;2019-10-30T17:19:59;2019-10-30T22:02:46;2019-10-30T19:24:26;2019-10-30T19:07:31;2019-10-31T11:37:12;2019-10-31T08:45:10;2019-10-31T12:13:54;2019-10-31T05:10:50;2019-10-31T08:46:15;2019-10-30T16:40:28;2019-10-30T14:30:17;4;4;4;4;4
5;78517;motivating;encoding compress Generic;Pants Chief bus;Ball Maryland;West Virginia Pizza deposit;Maryland Assistant;foreground systemic Division;model reinvent;Pizza Cambridgeshire Flat;Money Market Account Handmade;Money Market Account;e-enable Sharable;Buckinghamshire Lead mint green;Gloves e-tailers;withdrawal Identity silver;Refined;Tasty Fresh Chips generating recontextualize;optical programming;Human;deposit optical embrace;29232;55078;26028;11052;1692;27576;65760;21489;37446;32342;99237;98765;98471;20943;63791;94235;69860;16461;24584;2633;2019-10-31T09:45:08;2019-10-30T16:41:48;2019-10-30T22:29:22;2019-10-31T02:31:25;2019-10-31T10:17:14;2019-10-31T02:02:38;2019-10-31T03:46:59;2019-10-31T08:25:02;2019-10-31T08:55:08;2019-10-30T19:29:06;2019-10-31T06:12:35;2019-10-30T14:45:22;2019-10-30T19:41:44;2019-10-30T14:53:13;2019-10-30T21:42:04;5;5;5;5;5
6;16840;Berkshire;Intelligent Steel Ball Borders override;Auto Loan Account Refined;Tasty Future;Investment Account system Home Loan Account;copy intuitive Central;Global International haptic;Buckinghamshire;Unbranded Soft Fish;Investor;Agent Practical Minnesota;Virginia Plastic;deposit;Senior Rubber Senior;Tuna Avon Metal;Tasty;Chair;dedicated supply-chains Pants;Wisconsin;radical reinvent IB;68039;44294;18366;70246;42067;14306;83799;11728;88748;59764;74423;40200;39207;43553;31846;68916;78611;51789;49212;22953;2019-10-31T11:54:02;2019-10-30T23:07:55;2019-10-31T07:09:43;2019-10-31T06:46:14;2019-10-31T06:08:48;2019-10-31T03:39:11;2019-10-30T20:48:59;2019-10-31T07:52:17;2019-10-30T22:53:30;2019-10-31T11:44:45;2019-10-30T20:31:36;2019-10-31T00:27:11;2019-10-31T04:13:22;2019-10-31T09:58:19;2019-10-31T07:17:25;6;6;6;6;6
7;88462;quantify;Generic plum;TCP;e-markets;Arizona Product grow;Puerto Rico e-commerce;Liberia;reboot;Books;FTP Global;Communications Borders;Rubber;systems;Handcrafted Granite Bike Albania;supply-chains;Chief e-enable Ergonomic Frozen Ball;purple Grocery;relationships California;6th generation responsive;sensor;66783;58203;24943;7360;71552;52101;36673;7830;2890;83086;59128;91399;15520;93182;55133;92425;37497;95179;72741;87958;2019-10-31T03:13:21;2019-10-30T15:53:32;2019-10-30T19:40:07;2019-10-31T09:46:32;2019-10-30T19:22:51;2019-10-30T23:10:54;2019-10-31T01:59:16;2019-10-31T09:19:09;2019-10-30T17:29:21;2019-10-31T01:21:44;2019-10-30T21:56:54;2019-10-30T16:31:55;2019-10-31T02:12:00;2019-10-30T18:12:03;2019-10-30T18:47:42;7;7;7;7;7
8;61269;Avon;feed Road;Cambridgeshire;enterprise Electronics Walks;back up;Implementation Gorgeous;Intelligent Wooden Bike;matrix Ford Cotton;e-business purple Mountain;Representative CSS;e-markets;SDD;Books Branding;Practical;Accounts quantifying Producer;Small Fresh Chicken Baby Buckinghamshire;Extensions;Legacy FTP Villages;Creative;Optimized Consultant multimedia;23205;73574;57667;17893;87145;26146;63921;26678;93508;30064;71829;17531;84151;91275;76440;43580;76802;40042;17099;7696;2019-10-30T23:05:45;2019-10-30T14:46:23;2019-10-31T08:26:27;2019-10-30T23:37:01;2019-10-31T05:44:36;2019-10-31T04:10:00;2019-10-31T06:39:06;2019-10-31T06:05:49;2019-10-31T05:01:38;2019-10-30T16:27:27;2019-10-30T22:38:50;2019-10-31T01:10:00;2019-10-30T20:18:26;2019-10-31T10:13:48;2019-10-30T21:09:59;8;8;8;8;8
9;95870;Markets Credit Card Account;incremental non-volatile Profit-focused;platforms Hat Ridge;Interactions circuit;connecting transform Licensed;digital;Customer Small Rubber Sausages;payment;Agent;Investment Account Oregon;Investment Account;partnerships feed;Namibia Avon Legacy;Plastic Universal protocol;eco-centric Savings Account override;bypassing;Program matrix;eco-centric;backing up Stream Liaison;solution;21323;74891;47644;55796;77378;21940;14820;78574;83339;12271;26562;16106;10838;56753;63646;29156;58052;19964;16165;30664;2019-10-31T09:11:39;2019-10-31T04:03:31;2019-10-30T15:57:32;2019-10-30T17:28:29;2019-10-31T04:53:47;2019-10-30T13:23:50;2019-10-31T06:53:56;2019-10-30T16:18:44;2019-10-31T10:42:07;2019-10-31T11:55:09;2019-10-31T11:39:49;2019-10-31T07:33:26;2019-10-31T09:54:15;2019-10-30T14:27:07;2019-10-31T02:23:37;9;9;9;9;9
10;37046;methodologies navigate;XML;Home Loan Account Gateway Director;Keys purple Towels;3rd generation bluetooth;port;withdrawal Nebraska hacking;Bedfordshire deposit client-driven;Louisiana Denmark Ferry;application Baht Shirt;Officer Engineer JSON;Public-key time-frame Soap;Jewelery;Rustic Rubber Bacon Outdoors;connecting;Indiana Jamaica evolve;Toys;payment Gloves parallelism;Switzerland Keyboard invoice;Cheese JBOD Licensed;33460;66641;14187;39668;95711;99917;84103;7832;76635;23539;85191;25600;96190;32787;41781;92409;81716;13444;82394;97149;2019-10-31T05:17:10;2019-10-31T03:03:27;2019-10-31T00:40:42;2019-10-30T22:08:40;2019-10-31T02:58:03;2019-10-30T21:15:56;2019-10-30T17:55:20;2019-10-30T16:16:00;2019-10-30T19:35:19;2019-10-31T04:18:39;2019-10-31T11:44:19;2019-10-30T13:54:45;2019-10-31T08:27:22;2019-10-30T17:13:49;2019-10-31T02:40:46;10;10;10;10;10
