id;flow_name;flow_description;next_execution_start_time;flow_state
1;invoice Tasty Frozen Cheese;Profit-focused orange orange;2019-10-30T14:37:14;PENDING
2;Rial Omani Somalia Plastic;Car;2019-10-30T15:58:37;PENDING
3;neural;innovate compelling;2019-10-30T23:35:31;PENDING
4;XML scalable;green Graphic Interface zero tolerance;2019-10-31T01:38:12;PROCESSING
5;Cheese;Credit Card Account;2019-10-31T02:35:50;PAUSED
6;Rapid TCP Stravenue;Sharable fuchsia Tasty Rubber Shirt;2019-10-31T11:37:42;PENDING
7;Response client-driven Bike;infrastructures Mount;2019-10-31T02:13:39;PENDING
8;monitoring Rubber sky blue;generate Coves Gorgeous;2019-10-31T09:20:32;PENDING
9;sky blue strategic firewall;Orchestrator mobile object-oriented;2019-10-31T07:13:32;PROCESSING
10;copying Tuna SMTP;generate Mexico matrix;2019-10-31T05:33:50;PAUSED
