id;task_name;task_description;next_execution_start_time;task_state;agent_id;check_script_id
1;withdrawal Moldovan Leu Intelligent;Analyst Technician;2019-10-30T21:03:32;PROCESSING;1;1
2;Savings Account Grocery;Baby Baby morph;2019-10-31T08:56:31;PROCESSING;2;2
3;Central calculating;PNG solid state Designer;2019-10-30T13:24:53;PENDING;3;3
4;Fresh back up Pa'anga;web-enabled back-end optical;2019-10-31T12:18:16;PENDING;4;4
5;bypass;Avon interface Orchestrator;2019-10-31T10:31:24;PROCESSING;5;5
6;Agent;Western Sahara Plastic;2019-10-30T20:28:44;PROCESSING;6;6
7;Chips;methodical Legacy applications;2019-10-30T21:11:32;PAUSED;7;7
8;Borders;Checking Account;2019-10-30T16:37:34;PAUSED;8;8
9;Infrastructure New York deposit;Consultant;2019-10-31T03:11:40;PENDING;9;9
10;cutting-edge Plastic Toys;Developer toolset collaboration;2019-10-30T19:43:17;PROCESSING;10;10
